{
  "Mumbai": "孟买",
  "Delhi": "德里",
  "Bangalore": "班加罗尔",
  "Chennai": "金奈",
  "Kolkata": "加尔各答",
  "Hyderabad": "海得拉巴",
  "Ahmedabad": "艾哈迈达巴德",
  "Surat": "苏拉特",
  "Pune": "浦那",
  "Jaipur": "斋浦尔",
  "Lucknow": "勒克瑙",
  "Kanpur": "坎普尔",
  "Nagpur": "那格浦尔",
  "Indore": "印多尔",
  "Thane": "塔那",
  "Bhopal": "博帕尔",
  "Visakhapatnam": "维沙卡帕特南",
  "Patna": "巴特那",
  "Vadodara": "瓦多达拉",
  "Ghaziabad": "加济阿巴德",
  "Ludhiana": "卢迪亚纳",
  "Agra": "阿格拉",
  "Nashik": "纳西克",
  "Faridabad": "法里达巴德",
  "Meerut": "密拉特",
  "Rajkot": "拉杰果德",
  "Kalyan": "卡延",
  "Vasai": "瓦赛",
  "Varanasi": "瓦拉纳西",
  "Srinagar": "斯利那加",
  "Aurangabad": "奥兰加巴德",
  "Dhanbad": "丹巴德",
  "Amritsar": "阿姆利则",
  "Navi Mumbai": "新孟买",
  "Allahabad": "安拉阿巴德",
  "Ranchi": "兰契",
  "Howrah": "豪拉",
  "Coimbatore": "哥印拜陀",
  "Jabalpur": "贾巴尔普尔",
  "Gwalior": "瓜廖尔",
  "Vijayawada": "维杰亚瓦达",
  "Jodhpur": "焦特布尔",
  "Madurai": "马杜赖",
  "Raipur": "赖布尔",
  "Kota": "科塔",
  "Chandigarh": "昌迪加尔",
  "Guwahati": "古瓦哈提",
  "Solapur": "绍拉布尔",
  "Hubli": "胡布利",
  "Dharwad": "达尔瓦德",
  "Bareilly": "巴雷利",
  "Moradabad": "莫拉达巴德",
  "Mysore": "迈索尔",
  "Tiruchirappalli": "蒂鲁吉拉伯利",
  "Salem": "塞勒姆",
  "Jalandhar": "贾朗达尔",
  "Bhubaneswar": "布巴内斯瓦尔",
  "Warangal": "瓦朗加尔",
  "Mira": "米拉",
  "Jalgaon": "贾尔冈",
  "Guntur": "贡土尔",
  "Thiruvananthapuram": "特里凡得琅",
  "Bhiwandi": "比万迪",
  "Saharanpur": "撒哈兰普尔",
  "Gorakhpur": "戈勒克布尔",
  "Bikaner": "比卡内尔",
  "Amravati": "阿姆劳蒂",
  "Noida": "诺伊达",
  "Jamshedpur": "詹谢普尔",
  "Bhilai": "比莱",
  "Cuttack": "克塔克",
  "Firozabad": "菲罗扎巴德",
  "Kochi": "科钦",
  "Nellore": "内洛尔",
  "Bhavnagar": "博尔本德尔",
  "Dehradun": "德拉敦",
  "Durgapur": "杜尔加普尔",
  "Asansol": "阿散索尔",
  "Rourkela": "鲁尔克拉",
  "Nanded": "楠代德",
  "Kolhapur": "戈尔哈布尔",
  "Ajmer": "阿杰梅尔",
  "Akola": "阿科拉",
  "Gulbarga": "古尔伯加",
  "Jamnagar": "贾姆讷格尔",
  "Ujjain": "乌贾因",
  "Loni": "洛尼",
  "Siliguri": "西里古里",
  "Jhansi": "占西",
  "Ulhasnagar": "乌尔哈斯讷格尔",
  "Jammu": "查谟",
  "Sangli": "桑利",
  "Mira-Bhayandar": "米拉-巴扬达尔",
  "Jalna": "贾尔纳",
  "Dewas": "代瓦斯",
  "Kakinada": "卡基纳达",
  "Belgaum": "贝尔高姆",
  "Gaya": "迦耶",
  "Udaipur": "乌代浦",
  "Korba": "科尔巴",
  "Bokaro": "波卡罗",
  "Mangalore": "门格洛尔"
}
